{"cameraMode":{"drawMode":0,"name":"Shaded","section":"Shading Mode"},"sceneLighting":false,"audioPlay":false,"sceneViewState":{"m_AlwaysRefresh":false,"showFog":true,"showSkybox":false,"showFlares":true,"showImageEffects":true,"showParticleSystems":true,"showVisualEffectGraphs":true,"m_FxEnabled":true},"in2DMode":false,"pivot":{"x":0.7445993423461914,"y":0.8185615539550781,"z":0.645510196685791},"rotation":{"x":-0.20553000271320344,"y":0.5659250020980835,"z":-0.14825254678726197,"w":-0.7845593690872192},"size":10.630281448364258,"orthographic":false}