{"cameraMode":{"drawMode":0,"name":"Shaded","section":"Shading Mode"},"sceneLighting":false,"audioPlay":false,"sceneViewState":{"m_AlwaysRefresh":false,"showFog":true,"showSkybox":false,"showFlares":true,"showImageEffects":true,"showParticleSystems":true,"showVisualEffectGraphs":true,"m_FxEnabled":true},"in2DMode":false,"pivot":{"x":0.039071083068847659,"y":0.7618210315704346,"z":0.3670521676540375},"rotation":{"x":0.01625196263194084,"y":0.6803787350654602,"z":0.015106440521776677,"w":-0.732541024684906},"size":4.232752799987793,"orthographic":false}